<?xml version="1.0" encoding="UTF-8"?>
<Network xmlns="http://soap.sforce.com/2006/04/metadata">
    <allowInternalUserLogin>true</allowInternalUserLogin>
    <allowMembersToFlag>true</allowMembersToFlag>
    <changePasswordTemplate>All_View/CommunityChangePasswordEmailTemplate</changePasswordTemplate>
    <communityRoles/>
    <disableReputationRecordConversations>false</disableReputationRecordConversations>
    <emailSenderAddress>pallav.keshari@nutanix.com</emailSenderAddress>
    <emailSenderName>Titan</emailSenderName>
    <enableCustomVFErrorPageOverrides>false</enableCustomVFErrorPageOverrides>
    <enableDirectMessages>true</enableDirectMessages>
    <enableExperienceBundleBasedSnaOverrideEnabled>true</enableExperienceBundleBasedSnaOverrideEnabled>
    <enableGuestChatter>false</enableGuestChatter>
    <enableGuestFileAccess>false</enableGuestFileAccess>
    <enableGuestMemberVisibility>false</enableGuestMemberVisibility>
    <enableInvitation>false</enableInvitation>
    <enableKnowledgeable>true</enableKnowledgeable>
    <enableMemberVisibility>false</enableMemberVisibility>
    <enableNicknameDisplay>false</enableNicknameDisplay>
    <enablePrivateMessages>false</enablePrivateMessages>
    <enableReputation>true</enableReputation>
    <enableShowAllNetworkSettings>false</enableShowAllNetworkSettings>
    <enableSiteAsContainer>true</enableSiteAsContainer>
    <enableTalkingAboutStats>true</enableTalkingAboutStats>
    <enableTopicAssignmentRules>true</enableTopicAssignmentRules>
    <enableTopicSuggestions>true</enableTopicSuggestions>
    <enableUpDownVote>true</enableUpDownVote>
    <forgotPasswordTemplate>All_View/CommunityForgotPasswordEmailTemplate</forgotPasswordTemplate>
    <gatherCustomerSentimentData>true</gatherCustomerSentimentData>
    <networkMemberGroups>
        <profile>admin</profile>
        <profile>xc-sales: renewals</profile>
        <profile>xc-sales: outside sales</profile>
        <profile>xc-sales: manager</profile>
        <profile>xc-sales: inside sales</profile>
        <profile>xc-sales: channel/overlay</profile>
        <profile>xc-sales: system engineer</profile>
        <profile>sales:technology alliances group</profile>
        <profile>solutionmanager</profile>
        <profile>sales ops</profile>
        <profile>salesforce integration profile</profile>
        <profile>sizer integration</profile>
        <profile>sales insights integration user</profile>
        <profile>salesforceiq integration user</profile>
        <profile>sales productivity</profile>
    </networkMemberGroups>
    <networkPageOverrides>
        <changePasswordPageOverrideSetting>Standard</changePasswordPageOverrideSetting>
        <forgotPasswordPageOverrideSetting>Designer</forgotPasswordPageOverrideSetting>
        <homePageOverrideSetting>Designer</homePageOverrideSetting>
        <loginPageOverrideSetting>Designer</loginPageOverrideSetting>
        <selfRegProfilePageOverrideSetting>Designer</selfRegProfilePageOverrideSetting>
    </networkPageOverrides>
    <picassoSite>Nutanix_Salesforce_Help_Portal_21</picassoSite>
    <reputationLevels>
        <level>
            <label>Novice</label>
            <lowerThreshold>0.0</lowerThreshold>
        </level>
        <level>
            <label>In the Know</label>
            <lowerThreshold>3.0</lowerThreshold>
        </level>
        <level>
            <label>Advanced</label>
            <lowerThreshold>5.0</lowerThreshold>
        </level>
        <level>
            <label>Expert</label>
            <lowerThreshold>7.0</lowerThreshold>
        </level>
        <level>
            <label>Distinguished Member</label>
            <lowerThreshold>9.0</lowerThreshold>
        </level>
        <level>
            <label>God Like</label>
            <lowerThreshold>11.0</lowerThreshold>
        </level>
    </reputationLevels>
    <reputationPointsRules>
        <pointsRule>
            <eventType>FeedItemPostQuestion</eventType>
            <points>1</points>
        </pointsRule>
        <pointsRule>
            <eventType>FeedItemReceiveAnAnswer</eventType>
            <points>1</points>
        </pointsRule>
        <pointsRule>
            <eventType>EndorseSomeoneForKnowledgeOnATopic</eventType>
            <points>1</points>
        </pointsRule>
        <pointsRule>
            <eventType>FeedItemMarkAnswerAsBest</eventType>
            <points>1</points>
        </pointsRule>
        <pointsRule>
            <eventType>FeedItemShareAPost</eventType>
            <points>1</points>
        </pointsRule>
        <pointsRule>
            <eventType>FeedItemYourAnswerMarkedBest</eventType>
            <points>1</points>
        </pointsRule>
        <pointsRule>
            <eventType>FeedItemAnswerAQuestion</eventType>
            <points>1</points>
        </pointsRule>
        <pointsRule>
            <eventType>FeedItemReceiveALike</eventType>
            <points>1</points>
        </pointsRule>
        <pointsRule>
            <eventType>EndorsedForKnowledgeOnATopic</eventType>
            <points>2</points>
        </pointsRule>
        <pointsRule>
            <eventType>FeedItemSomeoneSharesYourPost</eventType>
            <points>1</points>
        </pointsRule>
        <pointsRule>
            <eventType>FeedItemWriteAComment</eventType>
            <points>1</points>
        </pointsRule>
        <pointsRule>
            <eventType>FeedItemMentionSomeone</eventType>
            <points>1</points>
        </pointsRule>
        <pointsRule>
            <eventType>FeedItemReceiveAComment</eventType>
            <points>1</points>
        </pointsRule>
        <pointsRule>
            <eventType>FeedItemLikeSomething</eventType>
            <points>1</points>
        </pointsRule>
        <pointsRule>
            <eventType>FeedItemReceiveAMention</eventType>
            <points>1</points>
        </pointsRule>
        <pointsRule>
            <eventType>FeedItemWriteAPost</eventType>
            <points>1</points>
        </pointsRule>
    </reputationPointsRules>
    <selfRegistration>false</selfRegistration>
    <sendWelcomeEmail>false</sendWelcomeEmail>
    <site>Nutanix_Salesforce_Help_Portal_2</site>
    <siteArchiveStatus>NotArchived</siteArchiveStatus>
    <status>UnderConstruction</status>
    <tabs>
        <defaultTab>home</defaultTab>
        <standardTab>Chatter</standardTab>
    </tabs>
    <urlPathPrefix>selfService2</urlPathPrefix>
    <welcomeTemplate>All_View/CommunityWelcomeEmailTemplate</welcomeTemplate>
</Network>
